Code,Area,Year,Measure,Value
E02000001,City of London 001,Year ending Dec 2011,Mean,541192
E02000002,Barking and Dagenham 001,Year ending Dec 2011,Mean,191618
E02000003,Barking and Dagenham 002,Year ending Dec 2011,Mean,193483
E02000004,Barking and Dagenham 003,Year ending Dec 2011,Mean,195785
E02000005,Barking and Dagenham 004,Year ending Dec 2011,Mean,168656
E02000007,Barking and Dagenham 006,Year ending Dec 2011,Mean,162814
E02000008,Barking and Dagenham 007,Year ending Dec 2011,Mean,164706
E02000009,Barking and Dagenham 008,Year ending Dec 2011,Mean,182365
E02000010,Barking and Dagenham 009,Year ending Dec 2011,Mean,159173
E02000011,Barking and Dagenham 010,Year ending Dec 2011,Mean,179886
E02000012,Barking and Dagenham 011,Year ending Dec 2011,Mean,256403
E02000013,Barking and Dagenham 012,Year ending Dec 2011,Mean,162474
E02000014,Barking and Dagenham 013,Year ending Dec 2011,Mean,159415
E02000015,Barking and Dagenham 014,Year ending Dec 2011,Mean,146469
E02000016,Barking and Dagenham 015,Year ending Dec 2011,Mean,160006
E02000017,Barking and Dagenham 016,Year ending Dec 2011,Mean,222301
E02000018,Barking and Dagenham 017,Year ending Dec 2011,Mean,157125
E02000019,Barking and Dagenham 018,Year ending Dec 2011,Mean,159590
E02000020,Barking and Dagenham 019,Year ending Dec 2011,Mean,168003
E02000021,Barking and Dagenham 020,Year ending Dec 2011,Mean,155020
E02000022,Barking and Dagenham 021,Year ending Dec 2011,Mean,132063
E02000023,Barking and Dagenham 022,Year ending Dec 2011,Mean,163080
E02006799,Barking and Dagenham 023,Year ending Dec 2011,Mean,187593
E02000024,Barnet 001,Year ending Dec 2011,Mean,413856
E02000025,Barnet 002,Year ending Dec 2011,Mean,308393
E02000026,Barnet 003,Year ending Dec 2011,Mean,366544
E02000027,Barnet 004,Year ending Dec 2011,Mean,303613
E02000028,Barnet 005,Year ending Dec 2011,Mean,368918
E02000029,Barnet 006,Year ending Dec 2011,Mean,285945
E02000030,Barnet 007,Year ending Dec 2011,Mean,812724
E02000031,Barnet 008,Year ending Dec 2011,Mean,487678
E02000032,Barnet 009,Year ending Dec 2011,Mean,399401
E02000033,Barnet 010,Year ending Dec 2011,Mean,301811
E02000034,Barnet 011,Year ending Dec 2011,Mean,323152
E02000035,Barnet 012,Year ending Dec 2011,Mean,399081
E02000036,Barnet 013,Year ending Dec 2011,Mean,298429
E02000037,Barnet 014,Year ending Dec 2011,Mean,390641
E02000038,Barnet 015,Year ending Dec 2011,Mean,350482
E02000039,Barnet 016,Year ending Dec 2011,Mean,568443
E02000040,Barnet 017,Year ending Dec 2011,Mean,442240
E02000041,Barnet 018,Year ending Dec 2011,Mean,356771
E02000042,Barnet 019,Year ending Dec 2011,Mean,313571
E02000043,Barnet 020,Year ending Dec 2011,Mean,529478
E02000044,Barnet 021,Year ending Dec 2011,Mean,322826
E02000045,Barnet 022,Year ending Dec 2011,Mean,315362
E02000046,Barnet 023,Year ending Dec 2011,Mean,404678
E02000047,Barnet 024,Year ending Dec 2011,Mean,237437
E02000048,Barnet 025,Year ending Dec 2011,Mean,431250
E02000049,Barnet 026,Year ending Dec 2011,Mean,216106
E02000050,Barnet 027,Year ending Dec 2011,Mean,327832
E02000051,Barnet 028,Year ending Dec 2011,Mean,563421
E02000052,Barnet 029,Year ending Dec 2011,Mean,424641
E02000053,Barnet 030,Year ending Dec 2011,Mean,259877
E02000054,Barnet 031,Year ending Dec 2011,Mean,488692
E02000055,Barnet 032,Year ending Dec 2011,Mean,446496
E02000056,Barnet 033,Year ending Dec 2011,Mean,1411778
E02000057,Barnet 034,Year ending Dec 2011,Mean,452568
E02000058,Barnet 035,Year ending Dec 2011,Mean,610032
E02000059,Barnet 036,Year ending Dec 2011,Mean,263227
E02000060,Barnet 037,Year ending Dec 2011,Mean,549986
E02000061,Barnet 038,Year ending Dec 2011,Mean,927250
E02000062,Barnet 039,Year ending Dec 2011,Mean,258420
E02000063,Barnet 040,Year ending Dec 2011,Mean,330052
E02000064,Barnet 041,Year ending Dec 2011,Mean,545638
E02000065,Bexley 001,Year ending Dec 2011,Mean,138159
E02000066,Bexley 002,Year ending Dec 2011,Mean,131562
E02000067,Bexley 003,Year ending Dec 2011,Mean,157086
E02000068,Bexley 004,Year ending Dec 2011,Mean,162724
E02000069,Bexley 005,Year ending Dec 2011,Mean,176796
E02000070,Bexley 006,Year ending Dec 2011,Mean,232542
E02000071,Bexley 007,Year ending Dec 2011,Mean,201746
E02000072,Bexley 008,Year ending Dec 2011,Mean,150802
E02000073,Bexley 009,Year ending Dec 2011,Mean,239214
E02000074,Bexley 010,Year ending Dec 2011,Mean,169142
E02000075,Bexley 011,Year ending Dec 2011,Mean,247887
E02000077,Bexley 013,Year ending Dec 2011,Mean,217324
E02000078,Bexley 014,Year ending Dec 2011,Mean,207935
E02000079,Bexley 015,Year ending Dec 2011,Mean,231062
E02000080,Bexley 016,Year ending Dec 2011,Mean,227897
E02000081,Bexley 017,Year ending Dec 2011,Mean,227135
E02000082,Bexley 018,Year ending Dec 2011,Mean,237505
E02000083,Bexley 019,Year ending Dec 2011,Mean,184728
E02000084,Bexley 020,Year ending Dec 2011,Mean,273386
E02000085,Bexley 021,Year ending Dec 2011,Mean,224029
E02000086,Bexley 022,Year ending Dec 2011,Mean,259986
E02000087,Bexley 023,Year ending Dec 2011,Mean,354918
E02000088,Bexley 024,Year ending Dec 2011,Mean,275268
E02000089,Bexley 025,Year ending Dec 2011,Mean,281905
E02000090,Bexley 026,Year ending Dec 2011,Mean,225254
E02000091,Bexley 027,Year ending Dec 2011,Mean,262285
E02000092,Bexley 028,Year ending Dec 2011,Mean,225326
E02006785,Bexley 029,Year ending Dec 2011,Mean,205360
E02000093,Brent 001,Year ending Dec 2011,Mean,315597
E02000094,Brent 002,Year ending Dec 2011,Mean,280690
E02000095,Brent 003,Year ending Dec 2011,Mean,291185
E02000096,Brent 004,Year ending Dec 2011,Mean,416026
E02000097,Brent 005,Year ending Dec 2011,Mean,299288
E02000098,Brent 006,Year ending Dec 2011,Mean,358360
E02000099,Brent 007,Year ending Dec 2011,Mean,289504
E02000100,Brent 008,Year ending Dec 2011,Mean,388721
E02000101,Brent 009,Year ending Dec 2011,Mean,342755
E02000102,Brent 010,Year ending Dec 2011,Mean,240402
E02000103,Brent 011,Year ending Dec 2011,Mean,300258
E02000104,Brent 012,Year ending Dec 2011,Mean,300389
E02000105,Brent 013,Year ending Dec 2011,Mean,278719
E02000106,Brent 014,Year ending Dec 2011,Mean,305056
E02000107,Brent 015,Year ending Dec 2011,Mean,458182
E02000108,Brent 016,Year ending Dec 2011,Mean,263180
E02000109,Brent 017,Year ending Dec 2011,Mean,266140
E02000110,Brent 018,Year ending Dec 2011,Mean,424634
E02000111,Brent 019,Year ending Dec 2011,Mean,248979
E02000112,Brent 020,Year ending Dec 2011,Mean,267201
E02000113,Brent 021,Year ending Dec 2011,Mean,206288
E02000114,Brent 022,Year ending Dec 2011,Mean,350301
E02000115,Brent 023,Year ending Dec 2011,Mean,456722
E02000116,Brent 024,Year ending Dec 2011,Mean,247770
E02000117,Brent 025,Year ending Dec 2011,Mean,247211
E02000118,Brent 026,Year ending Dec 2011,Mean,233904
E02000119,Brent 027,Year ending Dec 2011,Mean,202270
E02000120,Brent 028,Year ending Dec 2011,Mean,429265
E02000121,Brent 029,Year ending Dec 2011,Mean,220437
E02000122,Brent 030,Year ending Dec 2011,Mean,623783
E02000123,Brent 031,Year ending Dec 2011,Mean,269904
E02000124,Brent 032,Year ending Dec 2011,Mean,605206
E02000125,Brent 033,Year ending Dec 2011,Mean,449798
E02000126,Brent 034,Year ending Dec 2011,Mean,328925
E02000127,Bromley 001,Year ending Dec 2011,Mean,220410
E02000128,Bromley 002,Year ending Dec 2011,Mean,384648
E02000130,Bromley 004,Year ending Dec 2011,Mean,305049
E02000131,Bromley 005,Year ending Dec 2011,Mean,226045
E02000132,Bromley 006,Year ending Dec 2011,Mean,246004
E02000133,Bromley 007,Year ending Dec 2011,Mean,561812
E02000134,Bromley 008,Year ending Dec 2011,Mean,272602
E02000135,Bromley 009,Year ending Dec 2011,Mean,193491
E02000136,Bromley 010,Year ending Dec 2011,Mean,454958
E02000137,Bromley 011,Year ending Dec 2011,Mean,307457
E02000138,Bromley 012,Year ending Dec 2011,Mean,392163
E02000139,Bromley 013,Year ending Dec 2011,Mean,295576
E02000140,Bromley 014,Year ending Dec 2011,Mean,185392
E02000141,Bromley 015,Year ending Dec 2011,Mean,240824
E02000142,Bromley 016,Year ending Dec 2011,Mean,356604
E02000144,Bromley 018,Year ending Dec 2011,Mean,315290
E02000145,Bromley 019,Year ending Dec 2011,Mean,182245
E02000146,Bromley 020,Year ending Dec 2011,Mean,267837
E02000147,Bromley 021,Year ending Dec 2011,Mean,448452
E02000148,Bromley 022,Year ending Dec 2011,Mean,469582
E02000149,Bromley 023,Year ending Dec 2011,Mean,229584
E02000150,Bromley 024,Year ending Dec 2011,Mean,374226
E02000151,Bromley 025,Year ending Dec 2011,Mean,444538
E02000152,Bromley 026,Year ending Dec 2011,Mean,287733
E02000153,Bromley 027,Year ending Dec 2011,Mean,366799
E02000154,Bromley 028,Year ending Dec 2011,Mean,333480
E02000155,Bromley 029,Year ending Dec 2011,Mean,229799
E02000156,Bromley 030,Year ending Dec 2011,Mean,350420
E02000157,Bromley 031,Year ending Dec 2011,Mean,337301
E02000158,Bromley 032,Year ending Dec 2011,Mean,300956
E02000159,Bromley 033,Year ending Dec 2011,Mean,713648
E02000160,Bromley 034,Year ending Dec 2011,Mean,330943
E02000161,Bromley 035,Year ending Dec 2011,Mean,294603
E02000162,Bromley 036,Year ending Dec 2011,Mean,306719
E02000163,Bromley 037,Year ending Dec 2011,Mean,484316
E02000165,Bromley 039,Year ending Dec 2011,Mean,240310
E02006782,Bromley 040,Year ending Dec 2011,Mean,304734
E02006787,Bromley 041,Year ending Dec 2011,Mean,309840
E02006789,Bromley 042,Year ending Dec 2011,Mean,356011
E02000166,Camden 001,Year ending Dec 2011,Mean,841537
E02000167,Camden 002,Year ending Dec 2011,Mean,1514342
E02000168,Camden 003,Year ending Dec 2011,Mean,554520
E02000169,Camden 004,Year ending Dec 2011,Mean,1440181
E02000170,Camden 005,Year ending Dec 2011,Mean,654160
E02000171,Camden 006,Year ending Dec 2011,Mean,620351
E02000172,Camden 007,Year ending Dec 2011,Mean,412978
E02000173,Camden 008,Year ending Dec 2011,Mean,898259
E02000174,Camden 009,Year ending Dec 2011,Mean,562384
E02000175,Camden 010,Year ending Dec 2011,Mean,522081
E02000176,Camden 011,Year ending Dec 2011,Mean,796157
E02000177,Camden 012,Year ending Dec 2011,Mean,450834
E02000178,Camden 013,Year ending Dec 2011,Mean,397823
E02000179,Camden 014,Year ending Dec 2011,Mean,916660
E02000180,Camden 015,Year ending Dec 2011,Mean,483919
E02000181,Camden 016,Year ending Dec 2011,Mean,651328
E02000182,Camden 017,Year ending Dec 2011,Mean,1050282
E02000183,Camden 018,Year ending Dec 2011,Mean,1162125
E02000184,Camden 019,Year ending Dec 2011,Mean,366943
E02000185,Camden 020,Year ending Dec 2011,Mean,527252
E02000186,Camden 021,Year ending Dec 2011,Mean,969143
E02000187,Camden 022,Year ending Dec 2011,Mean,407600
E02000188,Camden 023,Year ending Dec 2011,Mean,338956
E02000189,Camden 024,Year ending Dec 2011,Mean,435249
E02000190,Camden 025,Year ending Dec 2011,Mean,383358
E02000191,Camden 026,Year ending Dec 2011,Mean,753974
E02000192,Camden 027,Year ending Dec 2011,Mean,639481
E02000193,Camden 028,Year ending Dec 2011,Mean,552964
E02000194,Croydon 001,Year ending Dec 2011,Mean,249218
E02000195,Croydon 002,Year ending Dec 2011,Mean,298457
E02000196,Croydon 003,Year ending Dec 2011,Mean,248171
E02000197,Croydon 004,Year ending Dec 2011,Mean,232051
E02000198,Croydon 005,Year ending Dec 2011,Mean,182135
E02000199,Croydon 006,Year ending Dec 2011,Mean,203467
E02000200,Croydon 007,Year ending Dec 2011,Mean,216457
E02000201,Croydon 008,Year ending Dec 2011,Mean,183935
E02000202,Croydon 009,Year ending Dec 2011,Mean,212912
E02000203,Croydon 010,Year ending Dec 2011,Mean,178429
E02000204,Croydon 011,Year ending Dec 2011,Mean,211714
E02000206,Croydon 013,Year ending Dec 2011,Mean,161878
E02000207,Croydon 014,Year ending Dec 2011,Mean,206439
E02000208,Croydon 015,Year ending Dec 2011,Mean,158480
E02000209,Croydon 016,Year ending Dec 2011,Mean,186287
E02000210,Croydon 017,Year ending Dec 2011,Mean,208444
E02000211,Croydon 018,Year ending Dec 2011,Mean,257361
E02000212,Croydon 019,Year ending Dec 2011,Mean,184946
E02000213,Croydon 020,Year ending Dec 2011,Mean,186886
E02000214,Croydon 021,Year ending Dec 2011,Mean,284492
E02000215,Croydon 022,Year ending Dec 2011,Mean,216783
E02000216,Croydon 023,Year ending Dec 2011,Mean,270349
E02000217,Croydon 024,Year ending Dec 2011,Mean,187028
E02000218,Croydon 025,Year ending Dec 2011,Mean,294536
E02000219,Croydon 026,Year ending Dec 2011,Mean,360912
E02000220,Croydon 027,Year ending Dec 2011,Mean,203364
E02000221,Croydon 028,Year ending Dec 2011,Mean,218174
E02000222,Croydon 029,Year ending Dec 2011,Mean,271505
E02000223,Croydon 030,Year ending Dec 2011,Mean,153167
E02000224,Croydon 031,Year ending Dec 2011,Mean,228773
E02000225,Croydon 032,Year ending Dec 2011,Mean,180644
E02000226,Croydon 033,Year ending Dec 2011,Mean,344559
E02000227,Croydon 034,Year ending Dec 2011,Mean,199216
E02000228,Croydon 035,Year ending Dec 2011,Mean,412481
E02000229,Croydon 036,Year ending Dec 2011,Mean,192731
E02000230,Croydon 037,Year ending Dec 2011,Mean,296086
E02000231,Croydon 038,Year ending Dec 2011,Mean,707497
E02000232,Croydon 039,Year ending Dec 2011,Mean,319353
E02000233,Croydon 040,Year ending Dec 2011,Mean,283882
E02000234,Croydon 041,Year ending Dec 2011,Mean,288228
E02000235,Croydon 042,Year ending Dec 2011,Mean,359504
E02000236,Croydon 043,Year ending Dec 2011,Mean,329315
E02000237,Croydon 044,Year ending Dec 2011,Mean,285526
E02006788,Croydon 045,Year ending Dec 2011,Mean,199963
E02000238,Ealing 001,Year ending Dec 2011,Mean,233335
E02000239,Ealing 002,Year ending Dec 2011,Mean,283341
E02000240,Ealing 003,Year ending Dec 2011,Mean,208758
E02000241,Ealing 004,Year ending Dec 2011,Mean,245610
E02000242,Ealing 005,Year ending Dec 2011,Mean,273137
E02000243,Ealing 006,Year ending Dec 2011,Mean,264681
E02000244,Ealing 007,Year ending Dec 2011,Mean,260039
E02000245,Ealing 008,Year ending Dec 2011,Mean,178363
E02000246,Ealing 009,Year ending Dec 2011,Mean,210615
E02000247,Ealing 010,Year ending Dec 2011,Mean,199338
E02000248,Ealing 011,Year ending Dec 2011,Mean,334587
E02000249,Ealing 012,Year ending Dec 2011,Mean,252058
E02000250,Ealing 013,Year ending Dec 2011,Mean,487146
E02000251,Ealing 014,Year ending Dec 2011,Mean,255172
E02000252,Ealing 015,Year ending Dec 2011,Mean,271306
E02000253,Ealing 016,Year ending Dec 2011,Mean,263715
E02000254,Ealing 017,Year ending Dec 2011,Mean,245083
E02000255,Ealing 018,Year ending Dec 2011,Mean,432134
E02000256,Ealing 019,Year ending Dec 2011,Mean,526817
E02000257,Ealing 020,Year ending Dec 2011,Mean,466851
E02000258,Ealing 021,Year ending Dec 2011,Mean,389280
E02000259,Ealing 022,Year ending Dec 2011,Mean,356425
E02000260,Ealing 023,Year ending Dec 2011,Mean,264615
E02000261,Ealing 024,Year ending Dec 2011,Mean,354417
E02000262,Ealing 025,Year ending Dec 2011,Mean,403632
E02000263,Ealing 026,Year ending Dec 2011,Mean,215961
E02000264,Ealing 027,Year ending Dec 2011,Mean,430045
E02000265,Ealing 028,Year ending Dec 2011,Mean,344165
E02000266,Ealing 029,Year ending Dec 2011,Mean,216704
E02000267,Ealing 030,Year ending Dec 2011,Mean,322928
E02000268,Ealing 031,Year ending Dec 2011,Mean,462984
E02000269,Ealing 032,Year ending Dec 2011,Mean,469676
E02000270,Ealing 033,Year ending Dec 2011,Mean,322561
E02000271,Ealing 034,Year ending Dec 2011,Mean,841501
E02000272,Ealing 035,Year ending Dec 2011,Mean,429690
E02000274,Ealing 037,Year ending Dec 2011,Mean,214532
E02000275,Ealing 038,Year ending Dec 2011,Mean,262388
E02000276,Ealing 039,Year ending Dec 2011,Mean,408276
E02006791,Ealing 040,Year ending Dec 2011,Mean,531743
E02000277,Enfield 001,Year ending Dec 2011,Mean,214875
E02000278,Enfield 002,Year ending Dec 2011,Mean,203092
E02000279,Enfield 003,Year ending Dec 2011,Mean,182553
E02000280,Enfield 004,Year ending Dec 2011,Mean,288015
E02000281,Enfield 005,Year ending Dec 2011,Mean,223978
E02000282,Enfield 006,Year ending Dec 2011,Mean,184556
E02000283,Enfield 007,Year ending Dec 2011,Mean,213716
E02000284,Enfield 008,Year ending Dec 2011,Mean,259386
E02000285,Enfield 009,Year ending Dec 2011,Mean,318888
E02000286,Enfield 010,Year ending Dec 2011,Mean,289459
E02000287,Enfield 011,Year ending Dec 2011,Mean,707049
E02000288,Enfield 012,Year ending Dec 2011,Mean,198536
E02000289,Enfield 013,Year ending Dec 2011,Mean,440657
E02000290,Enfield 014,Year ending Dec 2011,Mean,181824
E02000291,Enfield 015,Year ending Dec 2011,Mean,242091
E02000292,Enfield 016,Year ending Dec 2011,Mean,238935
E02000293,Enfield 017,Year ending Dec 2011,Mean,505309
E02000294,Enfield 018,Year ending Dec 2011,Mean,204031
E02000295,Enfield 019,Year ending Dec 2011,Mean,326226
E02000296,Enfield 020,Year ending Dec 2011,Mean,274325
E02000297,Enfield 021,Year ending Dec 2011,Mean,335995
E02000298,Enfield 022,Year ending Dec 2011,Mean,525256
E02000299,Enfield 023,Year ending Dec 2011,Mean,209164
E02000300,Enfield 024,Year ending Dec 2011,Mean,207896
E02000301,Enfield 025,Year ending Dec 2011,Mean,171399
E02000302,Enfield 026,Year ending Dec 2011,Mean,324245
E02000303,Enfield 027,Year ending Dec 2011,Mean,220833
E02000304,Enfield 028,Year ending Dec 2011,Mean,506754
E02000305,Enfield 029,Year ending Dec 2011,Mean,318611
E02000306,Enfield 030,Year ending Dec 2011,Mean,170671
E02000307,Enfield 031,Year ending Dec 2011,Mean,213584
E02000308,Enfield 032,Year ending Dec 2011,Mean,307082
E02000309,Enfield 033,Year ending Dec 2011,Mean,183323
E02000311,Enfield 035,Year ending Dec 2011,Mean,256729
E02000312,Enfield 036,Year ending Dec 2011,Mean,298590
E02006793,Enfield 037,Year ending Dec 2011,Mean,159394
E02000313,Greenwich 001,Year ending Dec 2011,Mean,143700
E02000314,Greenwich 002,Year ending Dec 2011,Mean,161441
E02000315,Greenwich 003,Year ending Dec 2011,Mean,155341
E02000316,Greenwich 004,Year ending Dec 2011,Mean,229250
E02000317,Greenwich 005,Year ending Dec 2011,Mean,220652
E02000318,Greenwich 006,Year ending Dec 2011,Mean,170677
E02000319,Greenwich 007,Year ending Dec 2011,Mean,179703
E02000320,Greenwich 008,Year ending Dec 2011,Mean,185880
E02000321,Greenwich 009,Year ending Dec 2011,Mean,175304
E02000323,Greenwich 011,Year ending Dec 2011,Mean,186594
E02000324,Greenwich 012,Year ending Dec 2011,Mean,252260
E02000326,Greenwich 014,Year ending Dec 2011,Mean,280613
E02000327,Greenwich 015,Year ending Dec 2011,Mean,179200
E02000328,Greenwich 016,Year ending Dec 2011,Mean,418484
E02000329,Greenwich 017,Year ending Dec 2011,Mean,190984
E02000331,Greenwich 019,Year ending Dec 2011,Mean,262236
E02000332,Greenwich 020,Year ending Dec 2011,Mean,241434
E02000333,Greenwich 021,Year ending Dec 2011,Mean,528229
E02000334,Greenwich 022,Year ending Dec 2011,Mean,260195
E02000335,Greenwich 023,Year ending Dec 2011,Mean,240073
E02000337,Greenwich 025,Year ending Dec 2011,Mean,232482
E02000339,Greenwich 027,Year ending Dec 2011,Mean,304522
E02000340,Greenwich 028,Year ending Dec 2011,Mean,246525
E02000341,Greenwich 029,Year ending Dec 2011,Mean,201237
E02000342,Greenwich 030,Year ending Dec 2011,Mean,217651
E02000343,Greenwich 031,Year ending Dec 2011,Mean,280346
E02000344,Greenwich 032,Year ending Dec 2011,Mean,263084
E02006786,Greenwich 033,Year ending Dec 2011,Mean,176676
E02006927,Greenwich 034,Year ending Dec 2011,Mean,382473
E02006928,Greenwich 035,Year ending Dec 2011,Mean,313753
E02006929,Greenwich 036,Year ending Dec 2011,Mean,310388
E02006930,Greenwich 037,Year ending Dec 2011,Mean,396548
E02006931,Greenwich 038,Year ending Dec 2011,Mean,534018
E02000345,Hackney 001,Year ending Dec 2011,Mean,305963
E02000346,Hackney 002,Year ending Dec 2011,Mean,223026
E02000347,Hackney 003,Year ending Dec 2011,Mean,346929
E02000348,Hackney 004,Year ending Dec 2011,Mean,337418
E02000350,Hackney 006,Year ending Dec 2011,Mean,358038
E02000351,Hackney 007,Year ending Dec 2011,Mean,355332
E02000352,Hackney 008,Year ending Dec 2011,Mean,341167
E02000353,Hackney 009,Year ending Dec 2011,Mean,456559
E02000354,Hackney 010,Year ending Dec 2011,Mean,285123
E02000355,Hackney 011,Year ending Dec 2011,Mean,339391
E02000356,Hackney 012,Year ending Dec 2011,Mean,392348
E02000357,Hackney 013,Year ending Dec 2011,Mean,193794
E02000358,Hackney 014,Year ending Dec 2011,Mean,346169
E02000359,Hackney 015,Year ending Dec 2011,Mean,358496
E02000360,Hackney 016,Year ending Dec 2011,Mean,284921
E02000361,Hackney 017,Year ending Dec 2011,Mean,306422
E02000362,Hackney 018,Year ending Dec 2011,Mean,272449
E02000363,Hackney 019,Year ending Dec 2011,Mean,282598
E02000364,Hackney 020,Year ending Dec 2011,Mean,418725
E02000365,Hackney 021,Year ending Dec 2011,Mean,383373
E02000366,Hackney 022,Year ending Dec 2011,Mean,424663
E02000367,Hackney 023,Year ending Dec 2011,Mean,344842
E02000368,Hackney 024,Year ending Dec 2011,Mean,304040
E02000369,Hackney 025,Year ending Dec 2011,Mean,367280
E02000370,Hackney 026,Year ending Dec 2011,Mean,381740
E02000371,Hackney 027,Year ending Dec 2011,Mean,398723
E02006918,Hackney 028,Year ending Dec 2011,Mean,233860
E02006921,Hackney 029,Year ending Dec 2011,Mean,251540
E02000372,Hammersmith and Fulham 001,Year ending Dec 2011,Mean,280138
E02000373,Hammersmith and Fulham 002,Year ending Dec 2011,Mean,229000
E02000374,Hammersmith and Fulham 003,Year ending Dec 2011,Mean,459427
E02000375,Hammersmith and Fulham 004,Year ending Dec 2011,Mean,455787
E02000376,Hammersmith and Fulham 005,Year ending Dec 2011,Mean,414483
E02000377,Hammersmith and Fulham 006,Year ending Dec 2011,Mean,415532
E02000378,Hammersmith and Fulham 007,Year ending Dec 2011,Mean,426881
E02000379,Hammersmith and Fulham 008,Year ending Dec 2011,Mean,580820
E02000380,Hammersmith and Fulham 009,Year ending Dec 2011,Mean,633596
E02000381,Hammersmith and Fulham 010,Year ending Dec 2011,Mean,879608
E02000382,Hammersmith and Fulham 011,Year ending Dec 2011,Mean,697420
E02000383,Hammersmith and Fulham 012,Year ending Dec 2011,Mean,507782
E02000384,Hammersmith and Fulham 013,Year ending Dec 2011,Mean,446002
E02000385,Hammersmith and Fulham 014,Year ending Dec 2011,Mean,465299
E02000386,Hammersmith and Fulham 015,Year ending Dec 2011,Mean,457577
E02000387,Hammersmith and Fulham 016,Year ending Dec 2011,Mean,453553
E02000388,Hammersmith and Fulham 017,Year ending Dec 2011,Mean,622676
E02000389,Hammersmith and Fulham 018,Year ending Dec 2011,Mean,673898
E02000390,Hammersmith and Fulham 019,Year ending Dec 2011,Mean,610132
E02000391,Hammersmith and Fulham 020,Year ending Dec 2011,Mean,1174500
E02000392,Hammersmith and Fulham 021,Year ending Dec 2011,Mean,767217
E02000393,Hammersmith and Fulham 022,Year ending Dec 2011,Mean,688871
E02000394,Hammersmith and Fulham 023,Year ending Dec 2011,Mean,602716
E02000395,Hammersmith and Fulham 024,Year ending Dec 2011,Mean,971361
E02000396,Hammersmith and Fulham 025,Year ending Dec 2011,Mean,936719
E02000397,Haringey 001,Year ending Dec 2011,Mean,279114
E02000398,Haringey 002,Year ending Dec 2011,Mean,174064
E02000400,Haringey 004,Year ending Dec 2011,Mean,385631
E02000401,Haringey 005,Year ending Dec 2011,Mean,219683
E02000402,Haringey 006,Year ending Dec 2011,Mean,200364
E02000403,Haringey 007,Year ending Dec 2011,Mean,314760
E02000404,Haringey 008,Year ending Dec 2011,Mean,243018
E02000405,Haringey 009,Year ending Dec 2011,Mean,535489
E02000406,Haringey 010,Year ending Dec 2011,Mean,254352
E02000407,Haringey 011,Year ending Dec 2011,Mean,188868
E02000408,Haringey 012,Year ending Dec 2011,Mean,207174
E02000409,Haringey 013,Year ending Dec 2011,Mean,288620
E02000410,Haringey 014,Year ending Dec 2011,Mean,556876
E02000411,Haringey 015,Year ending Dec 2011,Mean,189504
E02000412,Haringey 016,Year ending Dec 2011,Mean,267014
E02000413,Haringey 017,Year ending Dec 2011,Mean,675579
E02000414,Haringey 018,Year ending Dec 2011,Mean,236847
E02000415,Haringey 019,Year ending Dec 2011,Mean,285549
E02000416,Haringey 020,Year ending Dec 2011,Mean,318157
E02000417,Haringey 021,Year ending Dec 2011,Mean,627255
E02000418,Haringey 022,Year ending Dec 2011,Mean,613176
E02000419,Haringey 023,Year ending Dec 2011,Mean,333310
E02000420,Haringey 024,Year ending Dec 2011,Mean,238435
E02000421,Haringey 025,Year ending Dec 2011,Mean,180246
E02000422,Haringey 026,Year ending Dec 2011,Mean,239026
E02000423,Haringey 027,Year ending Dec 2011,Mean,291304
E02000424,Haringey 028,Year ending Dec 2011,Mean,457158
E02000425,Haringey 029,Year ending Dec 2011,Mean,357189
E02000426,Haringey 030,Year ending Dec 2011,Mean,939624
E02000427,Haringey 031,Year ending Dec 2011,Mean,339486
E02000428,Haringey 032,Year ending Dec 2011,Mean,243359
E02000429,Haringey 033,Year ending Dec 2011,Mean,594668
E02000430,Haringey 034,Year ending Dec 2011,Mean,492506
E02000431,Haringey 035,Year ending Dec 2011,Mean,566794
E02000432,Haringey 036,Year ending Dec 2011,Mean,386850
E02006794,Haringey 037,Year ending Dec 2011,Mean,180735
E02000433,Harrow 001,Year ending Dec 2011,Mean,572280
E02000434,Harrow 002,Year ending Dec 2011,Mean,334025
E02000435,Harrow 003,Year ending Dec 2011,Mean,398554
E02000436,Harrow 004,Year ending Dec 2011,Mean,504790
E02000437,Harrow 005,Year ending Dec 2011,Mean,298508
E02000438,Harrow 006,Year ending Dec 2011,Mean,368887
E02000439,Harrow 007,Year ending Dec 2011,Mean,256473
E02000440,Harrow 008,Year ending Dec 2011,Mean,409276
E02000441,Harrow 009,Year ending Dec 2011,Mean,499998
E02000442,Harrow 010,Year ending Dec 2011,Mean,300077
E02000443,Harrow 011,Year ending Dec 2011,Mean,250148
E02000444,Harrow 012,Year ending Dec 2011,Mean,283119
E02000445,Harrow 013,Year ending Dec 2011,Mean,241263
E02000447,Harrow 015,Year ending Dec 2011,Mean,346286
E02000448,Harrow 016,Year ending Dec 2011,Mean,639339
E02000449,Harrow 017,Year ending Dec 2011,Mean,277905
E02000451,Harrow 019,Year ending Dec 2011,Mean,350586
E02000452,Harrow 020,Year ending Dec 2011,Mean,250662
E02000453,Harrow 021,Year ending Dec 2011,Mean,271838
E02000454,Harrow 022,Year ending Dec 2011,Mean,426742
E02000455,Harrow 023,Year ending Dec 2011,Mean,267145
E02000456,Harrow 024,Year ending Dec 2011,Mean,289588
E02000457,Harrow 025,Year ending Dec 2011,Mean,351287
E02000459,Harrow 027,Year ending Dec 2011,Mean,264381
E02000460,Harrow 028,Year ending Dec 2011,Mean,232003
E02000461,Harrow 029,Year ending Dec 2011,Mean,406491
E02000462,Harrow 030,Year ending Dec 2011,Mean,249520
E02000463,Harrow 031,Year ending Dec 2011,Mean,259945
E02006795,Harrow 032,Year ending Dec 2011,Mean,277216
E02006882,Harrow 033,Year ending Dec 2011,Mean,318359
E02000464,Havering 001,Year ending Dec 2011,Mean,215729
E02000465,Havering 002,Year ending Dec 2011,Mean,168733
E02000466,Havering 003,Year ending Dec 2011,Mean,204612
E02000467,Havering 004,Year ending Dec 2011,Mean,147540
E02000468,Havering 005,Year ending Dec 2011,Mean,218736
E02000469,Havering 006,Year ending Dec 2011,Mean,172750
E02000470,Havering 007,Year ending Dec 2011,Mean,229208
E02000471,Havering 008,Year ending Dec 2011,Mean,292981
E02000472,Havering 009,Year ending Dec 2011,Mean,213411
E02000473,Havering 010,Year ending Dec 2011,Mean,253055
E02000474,Havering 011,Year ending Dec 2011,Mean,197293
E02000475,Havering 012,Year ending Dec 2011,Mean,332950
E02000476,Havering 013,Year ending Dec 2011,Mean,186525
E02000477,Havering 014,Year ending Dec 2011,Mean,289667
E02000478,Havering 015,Year ending Dec 2011,Mean,604991
E02000479,Havering 016,Year ending Dec 2011,Mean,207827
E02000480,Havering 017,Year ending Dec 2011,Mean,202087
E02000481,Havering 018,Year ending Dec 2011,Mean,256425
E02000482,Havering 019,Year ending Dec 2011,Mean,413124
E02000483,Havering 020,Year ending Dec 2011,Mean,234183
E02000484,Havering 021,Year ending Dec 2011,Mean,233433
E02000485,Havering 022,Year ending Dec 2011,Mean,257108
E02000486,Havering 023,Year ending Dec 2011,Mean,229587
E02000487,Havering 024,Year ending Dec 2011,Mean,430476
E02000488,Havering 025,Year ending Dec 2011,Mean,243738
E02000489,Havering 026,Year ending Dec 2011,Mean,206842
E02000490,Havering 027,Year ending Dec 2011,Mean,200494
E02000491,Havering 028,Year ending Dec 2011,Mean,188638
E02000492,Havering 029,Year ending Dec 2011,Mean,233559
E02000493,Havering 030,Year ending Dec 2011,Mean,179672
E02000494,Hillingdon 001,Year ending Dec 2011,Mean,676498
E02000495,Hillingdon 002,Year ending Dec 2011,Mean,330581
E02000496,Hillingdon 003,Year ending Dec 2011,Mean,282223
E02000497,Hillingdon 004,Year ending Dec 2011,Mean,329825
E02000498,Hillingdon 005,Year ending Dec 2011,Mean,348512
E02000499,Hillingdon 006,Year ending Dec 2011,Mean,391047
E02000500,Hillingdon 007,Year ending Dec 2011,Mean,443574
E02000501,Hillingdon 008,Year ending Dec 2011,Mean,317381
E02000502,Hillingdon 009,Year ending Dec 2011,Mean,343920
E02000503,Hillingdon 010,Year ending Dec 2011,Mean,273349
E02000504,Hillingdon 011,Year ending Dec 2011,Mean,403806
E02000506,Hillingdon 013,Year ending Dec 2011,Mean,387808
E02000507,Hillingdon 014,Year ending Dec 2011,Mean,252246
E02000508,Hillingdon 015,Year ending Dec 2011,Mean,231978
E02000509,Hillingdon 016,Year ending Dec 2011,Mean,221888
E02000510,Hillingdon 017,Year ending Dec 2011,Mean,295358
E02000511,Hillingdon 018,Year ending Dec 2011,Mean,220350
E02000512,Hillingdon 019,Year ending Dec 2011,Mean,222384
E02000513,Hillingdon 020,Year ending Dec 2011,Mean,198321
E02000514,Hillingdon 021,Year ending Dec 2011,Mean,216509
E02000515,Hillingdon 022,Year ending Dec 2011,Mean,193415
E02000516,Hillingdon 023,Year ending Dec 2011,Mean,227676
E02000517,Hillingdon 024,Year ending Dec 2011,Mean,226710
E02000518,Hillingdon 025,Year ending Dec 2011,Mean,236613
E02000519,Hillingdon 026,Year ending Dec 2011,Mean,230611
E02000520,Hillingdon 027,Year ending Dec 2011,Mean,242433
E02000521,Hillingdon 028,Year ending Dec 2011,Mean,197118
E02000522,Hillingdon 029,Year ending Dec 2011,Mean,239147
E02000523,Hillingdon 030,Year ending Dec 2011,Mean,196563
E02000524,Hillingdon 031,Year ending Dec 2011,Mean,251491
E02000525,Hillingdon 032,Year ending Dec 2011,Mean,200336
E02006796,Hillingdon 033,Year ending Dec 2011,Mean,260398
E02000526,Hounslow 001,Year ending Dec 2011,Mean,859667
E02000528,Hounslow 003,Year ending Dec 2011,Mean,289761
E02000529,Hounslow 004,Year ending Dec 2011,Mean,245913
E02000530,Hounslow 005,Year ending Dec 2011,Mean,188470
E02000531,Hounslow 006,Year ending Dec 2011,Mean,325522
E02000532,Hounslow 007,Year ending Dec 2011,Mean,744826
E02000533,Hounslow 008,Year ending Dec 2011,Mean,631514
E02000534,Hounslow 009,Year ending Dec 2011,Mean,354374
E02000535,Hounslow 010,Year ending Dec 2011,Mean,269262
E02000536,Hounslow 011,Year ending Dec 2011,Mean,274591
E02000537,Hounslow 012,Year ending Dec 2011,Mean,313054
E02000538,Hounslow 013,Year ending Dec 2011,Mean,256346
E02000539,Hounslow 014,Year ending Dec 2011,Mean,269202
E02000540,Hounslow 015,Year ending Dec 2011,Mean,266692
E02000541,Hounslow 016,Year ending Dec 2011,Mean,237306
E02000542,Hounslow 017,Year ending Dec 2011,Mean,217140
E02000543,Hounslow 018,Year ending Dec 2011,Mean,258653
E02000544,Hounslow 019,Year ending Dec 2011,Mean,270697
E02000545,Hounslow 020,Year ending Dec 2011,Mean,305271
E02000546,Hounslow 021,Year ending Dec 2011,Mean,229018
E02000547,Hounslow 022,Year ending Dec 2011,Mean,207582
E02000548,Hounslow 023,Year ending Dec 2011,Mean,192935
E02000549,Hounslow 024,Year ending Dec 2011,Mean,222780
E02000550,Hounslow 025,Year ending Dec 2011,Mean,188448
E02000551,Hounslow 026,Year ending Dec 2011,Mean,178831
E02000552,Hounslow 027,Year ending Dec 2011,Mean,195226
E02000553,Hounslow 028,Year ending Dec 2011,Mean,236901
E02006792,Hounslow 029,Year ending Dec 2011,Mean,509064
E02000554,Islington 001,Year ending Dec 2011,Mean,361917
E02000555,Islington 002,Year ending Dec 2011,Mean,516869
E02000556,Islington 003,Year ending Dec 2011,Mean,369009
E02000557,Islington 004,Year ending Dec 2011,Mean,391531
E02000558,Islington 005,Year ending Dec 2011,Mean,322518
E02000559,Islington 006,Year ending Dec 2011,Mean,500868
E02000560,Islington 007,Year ending Dec 2011,Mean,351129
E02000561,Islington 008,Year ending Dec 2011,Mean,586300
E02000562,Islington 009,Year ending Dec 2011,Mean,620242
E02000563,Islington 010,Year ending Dec 2011,Mean,349115
E02000564,Islington 011,Year ending Dec 2011,Mean,401016
E02000565,Islington 012,Year ending Dec 2011,Mean,382855
E02000566,Islington 013,Year ending Dec 2011,Mean,590379
E02000567,Islington 014,Year ending Dec 2011,Mean,488896
E02000568,Islington 015,Year ending Dec 2011,Mean,342011
E02000569,Islington 016,Year ending Dec 2011,Mean,669485
E02000570,Islington 017,Year ending Dec 2011,Mean,685256
E02000571,Islington 018,Year ending Dec 2011,Mean,496327
E02000572,Islington 019,Year ending Dec 2011,Mean,351581
E02000573,Islington 020,Year ending Dec 2011,Mean,698888
E02000574,Islington 021,Year ending Dec 2011,Mean,538908
E02000575,Islington 022,Year ending Dec 2011,Mean,522114
E02000576,Islington 023,Year ending Dec 2011,Mean,500062
E02000577,Kensington and Chelsea 001,Year ending Dec 2011,Mean,465328
E02000578,Kensington and Chelsea 002,Year ending Dec 2011,Mean,544668
E02000579,Kensington and Chelsea 003,Year ending Dec 2011,Mean,725106
E02000580,Kensington and Chelsea 004,Year ending Dec 2011,Mean,895425
E02000581,Kensington and Chelsea 005,Year ending Dec 2011,Mean,710911
E02000582,Kensington and Chelsea 006,Year ending Dec 2011,Mean,1243660
E02000583,Kensington and Chelsea 007,Year ending Dec 2011,Mean,1490851
E02000584,Kensington and Chelsea 008,Year ending Dec 2011,Mean,1741066
E02000585,Kensington and Chelsea 009,Year ending Dec 2011,Mean,1338730
E02000586,Kensington and Chelsea 010,Year ending Dec 2011,Mean,1521476
E02000587,Kensington and Chelsea 011,Year ending Dec 2011,Mean,1657207
E02000588,Kensington and Chelsea 012,Year ending Dec 2011,Mean,1862540
E02000589,Kensington and Chelsea 013,Year ending Dec 2011,Mean,1048072
E02000590,Kensington and Chelsea 014,Year ending Dec 2011,Mean,1353575
E02000591,Kensington and Chelsea 015,Year ending Dec 2011,Mean,623283
E02000592,Kensington and Chelsea 016,Year ending Dec 2011,Mean,1472874
E02000593,Kensington and Chelsea 017,Year ending Dec 2011,Mean,876914
E02000594,Kensington and Chelsea 018,Year ending Dec 2011,Mean,1370753
E02000595,Kensington and Chelsea 019,Year ending Dec 2011,Mean,1893169
E02000596,Kensington and Chelsea 020,Year ending Dec 2011,Mean,1207902
E02000597,Kensington and Chelsea 021,Year ending Dec 2011,Mean,884315
E02000598,Kingston upon Thames 001,Year ending Dec 2011,Mean,495921
E02000599,Kingston upon Thames 002,Year ending Dec 2011,Mean,960803
E02000600,Kingston upon Thames 003,Year ending Dec 2011,Mean,389218
E02000601,Kingston upon Thames 004,Year ending Dec 2011,Mean,393799
E02000602,Kingston upon Thames 005,Year ending Dec 2011,Mean,333320
E02000603,Kingston upon Thames 006,Year ending Dec 2011,Mean,303448
E02000604,Kingston upon Thames 007,Year ending Dec 2011,Mean,372480
E02000605,Kingston upon Thames 008,Year ending Dec 2011,Mean,370586
E02000606,Kingston upon Thames 009,Year ending Dec 2011,Mean,330848
E02000607,Kingston upon Thames 010,Year ending Dec 2011,Mean,382777
E02000608,Kingston upon Thames 011,Year ending Dec 2011,Mean,332554
E02000609,Kingston upon Thames 012,Year ending Dec 2011,Mean,368483
E02000610,Kingston upon Thames 013,Year ending Dec 2011,Mean,322353
E02000611,Kingston upon Thames 014,Year ending Dec 2011,Mean,412790
E02000612,Kingston upon Thames 015,Year ending Dec 2011,Mean,374560
E02000613,Kingston upon Thames 016,Year ending Dec 2011,Mean,352625
E02000614,Kingston upon Thames 017,Year ending Dec 2011,Mean,264644
E02000615,Kingston upon Thames 018,Year ending Dec 2011,Mean,257054
E02000616,Kingston upon Thames 019,Year ending Dec 2011,Mean,241858
E02000617,Kingston upon Thames 020,Year ending Dec 2011,Mean,255531
E02000619,Lambeth 002,Year ending Dec 2011,Mean,349427
E02000620,Lambeth 003,Year ending Dec 2011,Mean,461047
E02000621,Lambeth 004,Year ending Dec 2011,Mean,467937
E02000622,Lambeth 005,Year ending Dec 2011,Mean,432202
E02000623,Lambeth 006,Year ending Dec 2011,Mean,383902
E02000624,Lambeth 007,Year ending Dec 2011,Mean,345856
E02000625,Lambeth 008,Year ending Dec 2011,Mean,275804
E02000626,Lambeth 009,Year ending Dec 2011,Mean,263730
E02000627,Lambeth 010,Year ending Dec 2011,Mean,372048
E02000628,Lambeth 011,Year ending Dec 2011,Mean,238029
E02000629,Lambeth 012,Year ending Dec 2011,Mean,398277
E02000630,Lambeth 013,Year ending Dec 2011,Mean,582313
E02000631,Lambeth 014,Year ending Dec 2011,Mean,407717
E02000632,Lambeth 015,Year ending Dec 2011,Mean,377159
E02000633,Lambeth 016,Year ending Dec 2011,Mean,312747
E02000634,Lambeth 017,Year ending Dec 2011,Mean,387800
E02000635,Lambeth 018,Year ending Dec 2011,Mean,414811
E02000636,Lambeth 019,Year ending Dec 2011,Mean,644562
E02000637,Lambeth 020,Year ending Dec 2011,Mean,315800
E02000638,Lambeth 021,Year ending Dec 2011,Mean,271014
E02000639,Lambeth 022,Year ending Dec 2011,Mean,216392
E02000640,Lambeth 023,Year ending Dec 2011,Mean,475438
E02000641,Lambeth 024,Year ending Dec 2011,Mean,202658
E02000642,Lambeth 025,Year ending Dec 2011,Mean,367094
E02000643,Lambeth 026,Year ending Dec 2011,Mean,364627
E02000644,Lambeth 027,Year ending Dec 2011,Mean,306356
E02000645,Lambeth 028,Year ending Dec 2011,Mean,370742
E02000646,Lambeth 029,Year ending Dec 2011,Mean,315152
E02000647,Lambeth 030,Year ending Dec 2011,Mean,311722
E02000648,Lambeth 031,Year ending Dec 2011,Mean,216523
E02000649,Lambeth 032,Year ending Dec 2011,Mean,262863
E02000650,Lambeth 033,Year ending Dec 2011,Mean,278068
E02000651,Lambeth 034,Year ending Dec 2011,Mean,264277
E02000652,Lambeth 035,Year ending Dec 2011,Mean,239218
E02006801,Lambeth 036,Year ending Dec 2011,Mean,446326
E02000653,Lewisham 001,Year ending Dec 2011,Mean,239886
E02000654,Lewisham 002,Year ending Dec 2011,Mean,163653
E02000655,Lewisham 003,Year ending Dec 2011,Mean,231047
E02000657,Lewisham 005,Year ending Dec 2011,Mean,272298
E02000658,Lewisham 006,Year ending Dec 2011,Mean,319665
E02000659,Lewisham 007,Year ending Dec 2011,Mean,411902
E02000660,Lewisham 008,Year ending Dec 2011,Mean,276402
E02000661,Lewisham 009,Year ending Dec 2011,Mean,437143
E02000662,Lewisham 010,Year ending Dec 2011,Mean,261700
E02000663,Lewisham 011,Year ending Dec 2011,Mean,280501
E02000664,Lewisham 012,Year ending Dec 2011,Mean,209872
E02000665,Lewisham 013,Year ending Dec 2011,Mean,331173
E02000666,Lewisham 014,Year ending Dec 2011,Mean,320112
E02000667,Lewisham 015,Year ending Dec 2011,Mean,303148
E02000668,Lewisham 016,Year ending Dec 2011,Mean,300993
E02000669,Lewisham 017,Year ending Dec 2011,Mean,223969
E02000670,Lewisham 018,Year ending Dec 2011,Mean,208225
E02000671,Lewisham 019,Year ending Dec 2011,Mean,282286
E02000672,Lewisham 020,Year ending Dec 2011,Mean,228520
E02000673,Lewisham 021,Year ending Dec 2011,Mean,312338
E02000674,Lewisham 022,Year ending Dec 2011,Mean,232519
E02000675,Lewisham 023,Year ending Dec 2011,Mean,263187
E02000676,Lewisham 024,Year ending Dec 2011,Mean,286307
E02000677,Lewisham 025,Year ending Dec 2011,Mean,284614
E02000678,Lewisham 026,Year ending Dec 2011,Mean,165784
E02000679,Lewisham 027,Year ending Dec 2011,Mean,278431
E02000680,Lewisham 028,Year ending Dec 2011,Mean,277382
E02000681,Lewisham 029,Year ending Dec 2011,Mean,217656
E02000682,Lewisham 030,Year ending Dec 2011,Mean,215270
E02000683,Lewisham 031,Year ending Dec 2011,Mean,180738
E02000685,Lewisham 033,Year ending Dec 2011,Mean,282467
E02000686,Lewisham 034,Year ending Dec 2011,Mean,182724
E02000687,Lewisham 035,Year ending Dec 2011,Mean,274529
E02006783,Lewisham 037,Year ending Dec 2011,Mean,179508
E02006784,Lewisham 038,Year ending Dec 2011,Mean,203485
E02006798,Lewisham 039,Year ending Dec 2011,Mean,207485
E02000689,Merton 001,Year ending Dec 2011,Mean,721751
E02000690,Merton 002,Year ending Dec 2011,Mean,1633821
E02000691,Merton 003,Year ending Dec 2011,Mean,566541
E02000692,Merton 004,Year ending Dec 2011,Mean,790078
E02000693,Merton 005,Year ending Dec 2011,Mean,266791
E02000694,Merton 006,Year ending Dec 2011,Mean,426160
E02000695,Merton 007,Year ending Dec 2011,Mean,263159
E02000696,Merton 008,Year ending Dec 2011,Mean,211648
E02000697,Merton 009,Year ending Dec 2011,Mean,452006
E02000698,Merton 010,Year ending Dec 2011,Mean,779649
E02000699,Merton 011,Year ending Dec 2011,Mean,410638
E02000700,Merton 012,Year ending Dec 2011,Mean,216653
E02000701,Merton 013,Year ending Dec 2011,Mean,214003
E02000702,Merton 014,Year ending Dec 2011,Mean,204871
E02000703,Merton 015,Year ending Dec 2011,Mean,496489
E02000704,Merton 016,Year ending Dec 2011,Mean,304246
E02000705,Merton 017,Year ending Dec 2011,Mean,227321
E02000706,Merton 018,Year ending Dec 2011,Mean,188747
E02000707,Merton 019,Year ending Dec 2011,Mean,200622
E02000708,Merton 020,Year ending Dec 2011,Mean,311796
E02000709,Merton 021,Year ending Dec 2011,Mean,303165
E02000710,Merton 022,Year ending Dec 2011,Mean,211281
E02000711,Merton 023,Year ending Dec 2011,Mean,212229
E02000712,Merton 024,Year ending Dec 2011,Mean,218551
E02000713,Merton 025,Year ending Dec 2011,Mean,263214
E02000714,Newham 001,Year ending Dec 2011,Mean,230875
E02000715,Newham 002,Year ending Dec 2011,Mean,193739
E02000716,Newham 003,Year ending Dec 2011,Mean,230204
E02000717,Newham 004,Year ending Dec 2011,Mean,203717
E02000718,Newham 005,Year ending Dec 2011,Mean,178646
E02000719,Newham 006,Year ending Dec 2011,Mean,213514
E02000720,Newham 007,Year ending Dec 2011,Mean,239967
E02000721,Newham 008,Year ending Dec 2011,Mean,202573
E02000722,Newham 009,Year ending Dec 2011,Mean,238168
E02000723,Newham 010,Year ending Dec 2011,Mean,220889
E02000724,Newham 011,Year ending Dec 2011,Mean,208032
E02000725,Newham 012,Year ending Dec 2011,Mean,222389
E02000726,Newham 013,Year ending Dec 2011,Mean,237286
E02000727,Newham 014,Year ending Dec 2011,Mean,202750
E02000728,Newham 015,Year ending Dec 2011,Mean,216564
E02000729,Newham 016,Year ending Dec 2011,Mean,232432
E02000730,Newham 017,Year ending Dec 2011,Mean,226583
E02000731,Newham 018,Year ending Dec 2011,Mean,197513
E02000732,Newham 019,Year ending Dec 2011,Mean,196545
E02000733,Newham 020,Year ending Dec 2011,Mean,219618
E02000734,Newham 021,Year ending Dec 2011,Mean,187087
E02000735,Newham 022,Year ending Dec 2011,Mean,180623
E02000736,Newham 023,Year ending Dec 2011,Mean,197400
E02000737,Newham 024,Year ending Dec 2011,Mean,192906
E02000738,Newham 025,Year ending Dec 2011,Mean,218468
E02000739,Newham 026,Year ending Dec 2011,Mean,200739
E02000740,Newham 027,Year ending Dec 2011,Mean,208760
E02000741,Newham 028,Year ending Dec 2011,Mean,193963
E02000742,Newham 029,Year ending Dec 2011,Mean,195853
E02000743,Newham 030,Year ending Dec 2011,Mean,164733
E02000744,Newham 031,Year ending Dec 2011,Mean,170632
E02000745,Newham 032,Year ending Dec 2011,Mean,202267
E02000746,Newham 033,Year ending Dec 2011,Mean,242064
E02000747,Newham 034,Year ending Dec 2011,Mean,239860
E02000748,Newham 035,Year ending Dec 2011,Mean,195724
E02000749,Newham 036,Year ending Dec 2011,Mean,175196
E02000750,Newham 037,Year ending Dec 2011,Mean,255058
E02000751,Redbridge 001,Year ending Dec 2011,Mean,482275
E02000752,Redbridge 002,Year ending Dec 2011,Mean,207750
E02000753,Redbridge 003,Year ending Dec 2011,Mean,237240
E02000754,Redbridge 004,Year ending Dec 2011,Mean,296913
E02000755,Redbridge 005,Year ending Dec 2011,Mean,266467
E02000756,Redbridge 006,Year ending Dec 2011,Mean,283396
E02000757,Redbridge 007,Year ending Dec 2011,Mean,316494
E02000758,Redbridge 008,Year ending Dec 2011,Mean,268495
E02000759,Redbridge 009,Year ending Dec 2011,Mean,307825
E02000760,Redbridge 010,Year ending Dec 2011,Mean,251951
E02000762,Redbridge 012,Year ending Dec 2011,Mean,306799
E02000763,Redbridge 013,Year ending Dec 2011,Mean,238292
E02000764,Redbridge 014,Year ending Dec 2011,Mean,335818
E02000765,Redbridge 015,Year ending Dec 2011,Mean,261131
E02000767,Redbridge 017,Year ending Dec 2011,Mean,261234
E02000768,Redbridge 018,Year ending Dec 2011,Mean,457934
E02000769,Redbridge 019,Year ending Dec 2011,Mean,206521
E02000770,Redbridge 020,Year ending Dec 2011,Mean,244658
E02000772,Redbridge 022,Year ending Dec 2011,Mean,269802
E02000773,Redbridge 023,Year ending Dec 2011,Mean,244571
E02000774,Redbridge 024,Year ending Dec 2011,Mean,227013
E02000776,Redbridge 026,Year ending Dec 2011,Mean,257395
E02000777,Redbridge 027,Year ending Dec 2011,Mean,359954
E02000779,Redbridge 029,Year ending Dec 2011,Mean,219115
E02000780,Redbridge 030,Year ending Dec 2011,Mean,215346
E02000781,Redbridge 031,Year ending Dec 2011,Mean,275585
E02000782,Redbridge 032,Year ending Dec 2011,Mean,215027
E02000783,Redbridge 033,Year ending Dec 2011,Mean,215594
E02006800,Redbridge 034,Year ending Dec 2011,Mean,230405
E02006924,Redbridge 035,Year ending Dec 2011,Mean,306757
E02006925,Redbridge 036,Year ending Dec 2011,Mean,333186
E02000784,Richmond upon Thames 001,Year ending Dec 2011,Mean,1027279
E02000785,Richmond upon Thames 002,Year ending Dec 2011,Mean,706664
E02000786,Richmond upon Thames 003,Year ending Dec 2011,Mean,677338
E02000787,Richmond upon Thames 004,Year ending Dec 2011,Mean,534632
E02000788,Richmond upon Thames 005,Year ending Dec 2011,Mean,663195
E02000789,Richmond upon Thames 006,Year ending Dec 2011,Mean,693474
E02000790,Richmond upon Thames 007,Year ending Dec 2011,Mean,590906
E02000791,Richmond upon Thames 008,Year ending Dec 2011,Mean,873609
E02000792,Richmond upon Thames 009,Year ending Dec 2011,Mean,663696
E02000793,Richmond upon Thames 010,Year ending Dec 2011,Mean,302243
E02000794,Richmond upon Thames 011,Year ending Dec 2011,Mean,455162
E02000795,Richmond upon Thames 012,Year ending Dec 2011,Mean,987279
E02000796,Richmond upon Thames 013,Year ending Dec 2011,Mean,306969
E02000797,Richmond upon Thames 014,Year ending Dec 2011,Mean,431972
E02000798,Richmond upon Thames 015,Year ending Dec 2011,Mean,357864
E02000799,Richmond upon Thames 016,Year ending Dec 2011,Mean,540055
E02000800,Richmond upon Thames 017,Year ending Dec 2011,Mean,353079
E02000801,Richmond upon Thames 018,Year ending Dec 2011,Mean,450112
E02000802,Richmond upon Thames 019,Year ending Dec 2011,Mean,505448
E02000803,Richmond upon Thames 020,Year ending Dec 2011,Mean,334991
E02000804,Richmond upon Thames 021,Year ending Dec 2011,Mean,491067
E02000805,Richmond upon Thames 022,Year ending Dec 2011,Mean,489545
E02000806,Richmond upon Thames 023,Year ending Dec 2011,Mean,432492
E02000807,Southwark 001,Year ending Dec 2011,Mean,360163
E02000808,Southwark 002,Year ending Dec 2011,Mean,731437
E02000809,Southwark 003,Year ending Dec 2011,Mean,547243
E02000810,Southwark 004,Year ending Dec 2011,Mean,304694
E02000812,Southwark 006,Year ending Dec 2011,Mean,353300
E02000813,Southwark 007,Year ending Dec 2011,Mean,332354
E02000814,Southwark 008,Year ending Dec 2011,Mean,326612
E02000815,Southwark 009,Year ending Dec 2011,Mean,324539
E02000816,Southwark 010,Year ending Dec 2011,Mean,251303
E02000817,Southwark 011,Year ending Dec 2011,Mean,207337
E02000818,Southwark 012,Year ending Dec 2011,Mean,273104
E02000819,Southwark 013,Year ending Dec 2011,Mean,234607
E02000820,Southwark 014,Year ending Dec 2011,Mean,338358
E02000821,Southwark 015,Year ending Dec 2011,Mean,308828
E02000822,Southwark 016,Year ending Dec 2011,Mean,207114
E02000823,Southwark 017,Year ending Dec 2011,Mean,294067
E02000824,Southwark 018,Year ending Dec 2011,Mean,199540
E02000825,Southwark 019,Year ending Dec 2011,Mean,188944
E02000826,Southwark 020,Year ending Dec 2011,Mean,313367
E02000827,Southwark 021,Year ending Dec 2011,Mean,281835
E02000828,Southwark 022,Year ending Dec 2011,Mean,235682
E02000829,Southwark 023,Year ending Dec 2011,Mean,260676
E02000830,Southwark 024,Year ending Dec 2011,Mean,415311
E02000831,Southwark 025,Year ending Dec 2011,Mean,387089
E02000832,Southwark 026,Year ending Dec 2011,Mean,296849
E02000833,Southwark 027,Year ending Dec 2011,Mean,282367
E02000834,Southwark 028,Year ending Dec 2011,Mean,403272
E02000835,Southwark 029,Year ending Dec 2011,Mean,337984
E02000836,Southwark 030,Year ending Dec 2011,Mean,535418
E02000837,Southwark 031,Year ending Dec 2011,Mean,887965
E02000838,Southwark 032,Year ending Dec 2011,Mean,357764
E02000839,Southwark 033,Year ending Dec 2011,Mean,440468
E02006802,Southwark 034,Year ending Dec 2011,Mean,384341
E02000840,Sutton 001,Year ending Dec 2011,Mean,180413
E02000841,Sutton 002,Year ending Dec 2011,Mean,189197
E02000842,Sutton 003,Year ending Dec 2011,Mean,261461
E02000843,Sutton 004,Year ending Dec 2011,Mean,186904
E02000844,Sutton 005,Year ending Dec 2011,Mean,214656
E02000845,Sutton 006,Year ending Dec 2011,Mean,324091
E02000846,Sutton 007,Year ending Dec 2011,Mean,244652
E02000847,Sutton 008,Year ending Dec 2011,Mean,276416
E02000848,Sutton 009,Year ending Dec 2011,Mean,266545
E02000849,Sutton 010,Year ending Dec 2011,Mean,227299
E02000850,Sutton 011,Year ending Dec 2011,Mean,239094
E02000851,Sutton 012,Year ending Dec 2011,Mean,182780
E02000852,Sutton 013,Year ending Dec 2011,Mean,225746
E02000853,Sutton 014,Year ending Dec 2011,Mean,228396
E02000854,Sutton 015,Year ending Dec 2011,Mean,275310
E02000855,Sutton 016,Year ending Dec 2011,Mean,386844
E02000856,Sutton 017,Year ending Dec 2011,Mean,218480
E02000857,Sutton 018,Year ending Dec 2011,Mean,218713
E02000858,Sutton 019,Year ending Dec 2011,Mean,211157
E02000859,Sutton 020,Year ending Dec 2011,Mean,282953
E02000860,Sutton 021,Year ending Dec 2011,Mean,214539
E02000861,Sutton 022,Year ending Dec 2011,Mean,440508
E02000863,Sutton 024,Year ending Dec 2011,Mean,369283
E02006836,Sutton 025,Year ending Dec 2011,Mean,507730
E02000864,Tower Hamlets 001,Year ending Dec 2011,Mean,231523
E02000865,Tower Hamlets 002,Year ending Dec 2011,Mean,273462
E02000866,Tower Hamlets 003,Year ending Dec 2011,Mean,398431
E02000867,Tower Hamlets 004,Year ending Dec 2011,Mean,273578
E02000868,Tower Hamlets 005,Year ending Dec 2011,Mean,292785
E02000869,Tower Hamlets 006,Year ending Dec 2011,Mean,384058
E02000870,Tower Hamlets 007,Year ending Dec 2011,Mean,283069
E02000871,Tower Hamlets 008,Year ending Dec 2011,Mean,241913
E02000872,Tower Hamlets 009,Year ending Dec 2011,Mean,329895
E02000873,Tower Hamlets 010,Year ending Dec 2011,Mean,288527
E02000874,Tower Hamlets 011,Year ending Dec 2011,Mean,276778
E02000875,Tower Hamlets 012,Year ending Dec 2011,Mean,248091
E02000876,Tower Hamlets 013,Year ending Dec 2011,Mean,253167
E02000877,Tower Hamlets 014,Year ending Dec 2011,Mean,292773
E02000878,Tower Hamlets 015,Year ending Dec 2011,Mean,432000
E02000879,Tower Hamlets 016,Year ending Dec 2011,Mean,314611
E02000880,Tower Hamlets 017,Year ending Dec 2011,Mean,272847
E02000881,Tower Hamlets 018,Year ending Dec 2011,Mean,220321
E02000882,Tower Hamlets 019,Year ending Dec 2011,Mean,261149
E02000883,Tower Hamlets 020,Year ending Dec 2011,Mean,239490
E02000884,Tower Hamlets 021,Year ending Dec 2011,Mean,336677
E02000885,Tower Hamlets 022,Year ending Dec 2011,Mean,258780
E02000886,Tower Hamlets 023,Year ending Dec 2011,Mean,359787
E02000887,Tower Hamlets 024,Year ending Dec 2011,Mean,246681
E02000888,Tower Hamlets 025,Year ending Dec 2011,Mean,393596
E02000889,Tower Hamlets 026,Year ending Dec 2011,Mean,376383
E02000890,Tower Hamlets 027,Year ending Dec 2011,Mean,625076
E02000891,Tower Hamlets 028,Year ending Dec 2011,Mean,374637
E02000893,Tower Hamlets 030,Year ending Dec 2011,Mean,321578
E02000894,Tower Hamlets 031,Year ending Dec 2011,Mean,323623
E02006853,Tower Hamlets 032,Year ending Dec 2011,Mean,342549
E02006854,Tower Hamlets 033,Year ending Dec 2011,Mean,486192
E02000895,Waltham Forest 001,Year ending Dec 2011,Mean,294813
E02000896,Waltham Forest 002,Year ending Dec 2011,Mean,312398
E02000897,Waltham Forest 003,Year ending Dec 2011,Mean,275488
E02000898,Waltham Forest 004,Year ending Dec 2011,Mean,254296
E02000899,Waltham Forest 005,Year ending Dec 2011,Mean,233508
E02000900,Waltham Forest 006,Year ending Dec 2011,Mean,218968
E02000901,Waltham Forest 007,Year ending Dec 2011,Mean,283461
E02000902,Waltham Forest 008,Year ending Dec 2011,Mean,238363
E02000903,Waltham Forest 009,Year ending Dec 2011,Mean,202934
E02000904,Waltham Forest 010,Year ending Dec 2011,Mean,246889
E02000905,Waltham Forest 011,Year ending Dec 2011,Mean,229159
E02000906,Waltham Forest 012,Year ending Dec 2011,Mean,208575
E02000907,Waltham Forest 013,Year ending Dec 2011,Mean,220910
E02000908,Waltham Forest 014,Year ending Dec 2011,Mean,190670
E02000909,Waltham Forest 015,Year ending Dec 2011,Mean,292114
E02000910,Waltham Forest 016,Year ending Dec 2011,Mean,249969
E02000911,Waltham Forest 017,Year ending Dec 2011,Mean,232035
E02000912,Waltham Forest 018,Year ending Dec 2011,Mean,220032
E02000913,Waltham Forest 019,Year ending Dec 2011,Mean,275696
E02000914,Waltham Forest 020,Year ending Dec 2011,Mean,227626
E02000915,Waltham Forest 021,Year ending Dec 2011,Mean,293330
E02000916,Waltham Forest 022,Year ending Dec 2011,Mean,190270
E02000917,Waltham Forest 023,Year ending Dec 2011,Mean,199684
E02000918,Waltham Forest 024,Year ending Dec 2011,Mean,244701
E02000919,Waltham Forest 025,Year ending Dec 2011,Mean,223544
E02000920,Waltham Forest 026,Year ending Dec 2011,Mean,192944
E02000921,Waltham Forest 027,Year ending Dec 2011,Mean,220989
E02000922,Waltham Forest 028,Year ending Dec 2011,Mean,209412
E02000923,Wandsworth 001,Year ending Dec 2011,Mean,795461
E02000924,Wandsworth 002,Year ending Dec 2011,Mean,434645
E02000925,Wandsworth 003,Year ending Dec 2011,Mean,516552
E02000926,Wandsworth 004,Year ending Dec 2011,Mean,527012
E02000927,Wandsworth 005,Year ending Dec 2011,Mean,420019
E02000928,Wandsworth 006,Year ending Dec 2011,Mean,752223
E02000929,Wandsworth 007,Year ending Dec 2011,Mean,231515
E02000930,Wandsworth 008,Year ending Dec 2011,Mean,470293
E02000931,Wandsworth 009,Year ending Dec 2011,Mean,632055
E02000932,Wandsworth 010,Year ending Dec 2011,Mean,517440
E02000933,Wandsworth 011,Year ending Dec 2011,Mean,648843
E02000934,Wandsworth 012,Year ending Dec 2011,Mean,498268
E02000935,Wandsworth 013,Year ending Dec 2011,Mean,470115
E02000936,Wandsworth 014,Year ending Dec 2011,Mean,471219
E02000937,Wandsworth 015,Year ending Dec 2011,Mean,747111
E02000938,Wandsworth 016,Year ending Dec 2011,Mean,438152
E02000939,Wandsworth 017,Year ending Dec 2011,Mean,976978
E02000940,Wandsworth 018,Year ending Dec 2011,Mean,316860
E02000941,Wandsworth 019,Year ending Dec 2011,Mean,614610
E02000942,Wandsworth 020,Year ending Dec 2011,Mean,571386
E02000943,Wandsworth 021,Year ending Dec 2011,Mean,627266
E02000944,Wandsworth 022,Year ending Dec 2011,Mean,325427
E02000945,Wandsworth 023,Year ending Dec 2011,Mean,278455
E02000946,Wandsworth 024,Year ending Dec 2011,Mean,413566
E02000947,Wandsworth 025,Year ending Dec 2011,Mean,450601
E02000948,Wandsworth 026,Year ending Dec 2011,Mean,419058
E02000949,Wandsworth 027,Year ending Dec 2011,Mean,629520
E02000950,Wandsworth 028,Year ending Dec 2011,Mean,462950
E02000951,Wandsworth 029,Year ending Dec 2011,Mean,416286
E02000952,Wandsworth 030,Year ending Dec 2011,Mean,532217
E02000953,Wandsworth 031,Year ending Dec 2011,Mean,388858
E02000954,Wandsworth 032,Year ending Dec 2011,Mean,373262
E02000955,Wandsworth 033,Year ending Dec 2011,Mean,319384
E02000956,Wandsworth 034,Year ending Dec 2011,Mean,294351
E02000957,Wandsworth 035,Year ending Dec 2011,Mean,281725
E02000958,Wandsworth 036,Year ending Dec 2011,Mean,363567
E02000959,Wandsworth 037,Year ending Dec 2011,Mean,253218
E02000960,Westminster 001,Year ending Dec 2011,Mean,1245217
E02000961,Westminster 002,Year ending Dec 2011,Mean,1303346
E02000962,Westminster 003,Year ending Dec 2011,Mean,785764
E02000963,Westminster 004,Year ending Dec 2011,Mean,419532
E02000964,Westminster 005,Year ending Dec 2011,Mean,367593
E02000965,Westminster 006,Year ending Dec 2011,Mean,547410
E02000966,Westminster 007,Year ending Dec 2011,Mean,861988
E02000967,Westminster 008,Year ending Dec 2011,Mean,856499
E02000968,Westminster 009,Year ending Dec 2011,Mean,415534
E02000969,Westminster 010,Year ending Dec 2011,Mean,423615
E02000970,Westminster 011,Year ending Dec 2011,Mean,1348664
E02000971,Westminster 012,Year ending Dec 2011,Mean,870948
E02000972,Westminster 013,Year ending Dec 2011,Mean,1051108
E02000973,Westminster 014,Year ending Dec 2011,Mean,999860
E02000974,Westminster 015,Year ending Dec 2011,Mean,922223
E02000975,Westminster 016,Year ending Dec 2011,Mean,962284
E02000976,Westminster 017,Year ending Dec 2011,Mean,699081
E02000977,Westminster 018,Year ending Dec 2011,Mean,1267820
E02000978,Westminster 019,Year ending Dec 2011,Mean,2603412
E02000979,Westminster 020,Year ending Dec 2011,Mean,1035122
E02000980,Westminster 021,Year ending Dec 2011,Mean,636388
E02000981,Westminster 022,Year ending Dec 2011,Mean,814260
E02000982,Westminster 023,Year ending Dec 2011,Mean,827082
E02000983,Westminster 024,Year ending Dec 2011,Mean,703038